asset_path,manifest_key,dimensions,format,alpha,alpha_padding_ltrb_px,before_bytes,after_bytes,class,classification,issue_reason,recommended_action,final_action,exception_reason
r2-upload/ui/arena/icons/icon_attack_history.png,assets.arenaUi.icons.attackHistory,256×256,PNG,yes,"16,26,16,27",49150,49150,small,PASS,Within shared production budget; full decode succeeds,Retain,Retained,None
r2-upload/ui/arena/icons/icon_battle.png,assets.arenaUi.icons.battle,256×256,PNG,yes,"16,25,16,25",67429,67429,small,PASS,Within shared production budget; full decode succeeds,Retain,Retained,None
r2-upload/ui/arena/icons/icon_defense_history.png,assets.arenaUi.icons.defenseHistory,256×256,PNG,yes,"26,16,27,16",67405,67405,small,PASS,Within shared production budget; full decode succeeds,Retain,Retained,None
r2-upload/ui/arena/icons/icon_history.png,assets.arenaUi.icons.history,256×256,PNG,yes,"16,16,16,16",86407,86407,small,PASS,Within shared production budget; full decode succeeds,Retain,Retained,None
r2-upload/ui/arena/icons/icon_info.png,assets.arenaUi.icons.info,256×256,PNG,yes,"16,17,16,18",81125,81125,small,PASS,Within shared production budget; full decode succeeds,Retain,Retained,None
r2-upload/ui/arena/icons/icon_play_milestone.png,assets.arenaUi.icons.playMilestone,256×256,PNG,yes,"16,22,16,22",97548,97548,small,PASS,Within shared production budget; full decode succeeds,Retain,Retained,None
r2-upload/ui/arena/icons/icon_player_card.png,assets.arenaUi.icons.playerCard,256×256,PNG,yes,"16,61,16,62",53639,53639,small,PASS,Within shared production budget; full decode succeeds,Retain,Retained,None
r2-upload/ui/arena/icons/icon_ranking.png,assets.arenaUi.icons.ranking,256×256,PNG,yes,"16,34,16,35",58515,58515,small,PASS,Within shared production budget; full decode succeeds,Retain,Retained,None
r2-upload/ui/arena/icons/icon_refresh.png,assets.arenaUi.icons.refresh,256×256,PNG,yes,"16,21,16,22",62543,62543,small,PASS,Within shared production budget; full decode succeeds,Retain,Retained,None
r2-upload/ui/arena/icons/icon_season.png,assets.arenaUi.icons.season,256×256,PNG,yes,"42,16,42,16",73310,73310,small,PASS,Within shared production budget; full decode succeeds,Retain,Retained,None
r2-upload/ui/arena/icons/icon_setup.png,assets.arenaUi.icons.setup,256×256,PNG,yes,"16,17,16,18",78765,78765,small,PASS,Within shared production budget; full decode succeeds,Retain,Retained,None
r2-upload/ui/arena/icons/icon_win_milestone.png,assets.arenaUi.icons.winMilestone,256×256,PNG,yes,"16,32,16,32",73314,73314,small,PASS,Within shared production budget; full decode succeeds,Retain,Retained,None
r2-upload/ui/arena/tiers/tier_bronze.png,assets.arenaUi.tiers.bronze,256×256,PNG,yes,"25,16,25,16",71891,71891,small,PASS,Within shared production budget; full decode succeeds,Retain,Retained,None
r2-upload/ui/arena/tiers/tier_diamond.png,assets.arenaUi.tiers.diamond,256×256,PNG,yes,"32,16,33,16",76254,76254,small,PASS,Within shared production budget; full decode succeeds,Retain,Retained,None
r2-upload/ui/arena/tiers/tier_gold.png,assets.arenaUi.tiers.gold,256×256,PNG,yes,"16,20,16,21",88885,88885,small,PASS,Within shared production budget; full decode succeeds,Retain,Retained,None
r2-upload/ui/arena/tiers/tier_silver.png,assets.arenaUi.tiers.silver,256×256,PNG,yes,"16,23,16,23",77837,77837,small,PASS,Within shared production budget; full decode succeeds,Retain,Retained,None
r2-upload/ui/battle/atb/boss.png,assets.battleUi.actorIcons.boss,256×256,PNG,yes,"21,21,24,30",72352,72352,small,PASS,Within shared production budget; full decode succeeds,Retain,Retained,None
r2-upload/ui/battle/atb/hero.png,assets.battleUi.actorIcons.hero,256×256,PNG,yes,"55,25,42,21",55911,55911,small,PASS,Within shared production budget; full decode succeeds,Retain,Retained,None
r2-upload/ui/battle/atb/monster.png,assets.battleUi.actorIcons.monster,256×256,PNG,yes,"22,19,19,20",66620,66620,small,PASS,Within shared production budget; full decode succeeds,Retain,Retained,None
r2-upload/ui/battle/atb/pet.png,assets.battleUi.actorIcons.pet,256×256,PNG,yes,"28,38,34,45",60042,60042,small,PASS,Within shared production budget; full decode succeeds,Retain,Retained,None
r2-upload/ui/battle/target_selected_marker.png,assets.battleUi.targetSelectedMarker,512×256,PNG,yes,"16,47,16,68",76838,76838,small,PASS,Within shared production budget; full decode succeeds,Retain,Retained,None
r2-upload/ui/equipment-icons/azure/azure_armor.png,assets.itemIcons.azure.chest,256×256,PNG,yes,"0,3,7,13",786446,106904,equipment,PASS,Within shared production budget; full decode succeeds,Publish production PNG with stable path/key and versioned manifest URL,Published 0116225; R2 SHA-256 verified,None
r2-upload/ui/equipment-icons/azure/azure_boots.png,assets.itemIcons.azure.boots,256×256,PNG,yes,"3,10,7,0",786444,72586,equipment,PASS,Within shared production budget; full decode succeeds,Publish production PNG with stable path/key and versioned manifest URL,Published 0116225; R2 SHA-256 verified,None
r2-upload/ui/equipment-icons/azure/azure_gauntlets.png,assets.itemIcons.azure.gloves,256×256,PNG,yes,"21,3,4,8",786444,76029,equipment,PASS,Within shared production budget; full decode succeeds,Publish production PNG with stable path/key and versioned manifest URL,Published 0116225; R2 SHA-256 verified,None
r2-upload/ui/equipment-icons/azure/azure_helmet.png,assets.itemIcons.azure.helmet,256×256,PNG,yes,"0,0,8,0",786444,91401,equipment,PASS,Within shared production budget; full decode succeeds,Publish production PNG with stable path/key and versioned manifest URL,Published 0116225; R2 SHA-256 verified,None
r2-upload/ui/equipment-icons/azure/azure_ring.png,assets.itemIcons.azure.accessory,256×256,PNG,yes,"24,7,5,11",786444,80258,equipment,PASS,Within shared production budget; full decode succeeds,Publish production PNG with stable path/key and versioned manifest URL,Published 0116225; R2 SHA-256 verified,None
r2-upload/ui/equipment-icons/azure/azure_sword.png,assets.itemIcons.azure.weapon,256×256,PNG,yes,"14,8,15,8",786444,20391,equipment,PASS,Within shared production budget; full decode succeeds,Publish production PNG with stable path/key and versioned manifest URL,Repositioned 639f621; R2 SHA-256 verified,None
r2-upload/ui/equipment-icons/boss/icicle_longsword.png,assets.itemIcons.bossWeapons.icicleLongsword,512×512,PNG,yes,"37,5,7,7",123759,123759,equipment,PASS,Within shared production budget; full decode succeeds,Retain prior same-path optimized production PNG,Retained; prior G10.5 R2 SHA-256 verified,None
r2-upload/ui/equipment-icons/boss/lavalon_sword.png,assets.itemIcons.bossWeapons.lavalonSword,512×512,PNG,yes,"7,6,6,9",163790,163790,equipment,PASS,Within shared production budget; full decode succeeds,Retain prior same-path optimized production PNG,Retained; prior G10.5 R2 SHA-256 verified,None
r2-upload/ui/equipment-icons/boss/spirit_greatsword.png,assets.itemIcons.bossWeapons.spiritGreatsword,512×512,PNG,yes,"13,14,7,12",170952,170952,equipment,PASS,Within shared production budget; full decode succeeds,Retain prior same-path optimized production PNG,Retained; prior G10.5 R2 SHA-256 verified,None
r2-upload/ui/equipment-icons/robot/robot_armor.png,assets.itemIcons.robot.chest,256×256,PNG,yes,"6,4,6,11",0,100089,equipment,PASS,Within shared production budget; full decode succeeds,Publish production PNG with stable path/key and versioned manifest URL,Published 0116225; R2 SHA-256 verified,None
r2-upload/ui/equipment-icons/robot/robot_boots.png,assets.itemIcons.robot.boots,256×256,PNG,yes,"13,7,6,0",0,75112,equipment,PASS,Within shared production budget; full decode succeeds,Publish production PNG with stable path/key and versioned manifest URL,Published 0116225; R2 SHA-256 verified,None
r2-upload/ui/equipment-icons/robot/robot_gauntlets.png,assets.itemIcons.robot.gloves,256×256,PNG,yes,"6,3,5,0",0,84707,equipment,PASS,Within shared production budget; full decode succeeds,Publish production PNG with stable path/key and versioned manifest URL,Published 0116225; R2 SHA-256 verified,None
r2-upload/ui/equipment-icons/robot/robot_helmet.png,assets.itemIcons.robot.helmet,256×256,PNG,yes,"0,9,10,6",0,86511,equipment,PASS,Within shared production budget; full decode succeeds,Publish production PNG with stable path/key and versioned manifest URL,Published 0116225; R2 SHA-256 verified,None
r2-upload/ui/equipment-icons/robot/robot_ring.png,assets.itemIcons.robot.accessory,256×256,PNG,yes,"3,3,5,0",0,63922,equipment,PASS,Within shared production budget; full decode succeeds,Publish production PNG with stable path/key and versioned manifest URL,Published 0116225; R2 SHA-256 verified,None
r2-upload/ui/equipment-icons/robot/robot_sword.png,assets.itemIcons.robot.weapon,256×256,PNG,yes,"3,3,4,0",0,57856,equipment,PASS,Within shared production budget; full decode succeeds,Publish production PNG with stable path/key and versioned manifest URL,Published 0116225; R2 SHA-256 verified,None
r2-upload/ui/equipment-icons/skeleton/skeleton_armor.png,assets.itemIcons.skeleton.chest,256×256,PNG,yes,"9,3,6,3",0,96316,equipment,PASS,Within shared production budget; full decode succeeds,Publish production PNG with stable path/key and versioned manifest URL,Published 0116225; R2 SHA-256 verified,None
r2-upload/ui/equipment-icons/skeleton/skeleton_boots.png,assets.itemIcons.skeleton.boots,256×256,PNG,yes,"17,6,7,6",0,72958,equipment,PASS,Within shared production budget; full decode succeeds,Publish production PNG with stable path/key and versioned manifest URL,Published 0116225; R2 SHA-256 verified,None
r2-upload/ui/equipment-icons/skeleton/skeleton_gauntlets.png,assets.itemIcons.skeleton.gloves,256×256,PNG,yes,"0,10,5,6",0,88948,equipment,PASS,Within shared production budget; full decode succeeds,Publish production PNG with stable path/key and versioned manifest URL,Published 0116225; R2 SHA-256 verified,None
r2-upload/ui/equipment-icons/skeleton/skeleton_helmet.png,assets.itemIcons.skeleton.helmet,256×256,PNG,yes,"0,3,16,0",0,95335,equipment,PASS,Within shared production budget; full decode succeeds,Publish production PNG with stable path/key and versioned manifest URL,Published 0116225; R2 SHA-256 verified,None
r2-upload/ui/equipment-icons/skeleton/skeleton_ring.png,assets.itemIcons.skeleton.accessory,256×256,PNG,yes,"19,10,9,0",0,68087,equipment,PASS,Within shared production budget; full decode succeeds,Publish production PNG with stable path/key and versioned manifest URL,Published 0116225; R2 SHA-256 verified,None
r2-upload/ui/equipment-icons/skeleton/skeleton_sword.png,assets.itemIcons.skeleton.weapon,256×256,PNG,yes,"6,6,5,4",0,63537,equipment,PASS,Within shared production budget; full decode succeeds,Publish production PNG with stable path/key and versioned manifest URL,Published 0116225; R2 SHA-256 verified,None
r2-upload/ui/equipment-icons/wings/angel_wings.png,assets.itemIcons.wings.angel,256×256,PNG,yes,"16,57,16,57",786444,45935,equipment,PASS,Within shared production budget; full decode succeeds,Publish production PNG with stable path/key and versioned manifest URL,Published 0116225; R2 SHA-256 verified,None
r2-upload/ui/equipment-icons/wings/azure_wings.png,assets.itemIcons.wings.azure,256×256,PNG,yes,"16,57,16,57",45935,45935,equipment,PASS,Within shared production budget; full decode succeeds,Retain,Retained,None
r2-upload/ui/equipment-icons/wings/robot_wings.png,assets.itemIcons.wings.robot,256×256,PNG,yes,"16,44,16,44",69742,69742,equipment,PASS,Within shared production budget; full decode succeeds,Retain,Retained,None
r2-upload/ui/equipment-icons/wings/skeleton_wings.png,assets.itemIcons.wings.skeleton,256×256,PNG,yes,"16,58,16,59",54815,54815,equipment,PASS,Within shared production budget; full decode succeeds,Retain,Retained,None
r2-upload/ui/inventory/icon_expand.png,assets.inventoryUi.icons.expand,256×256,PNG,yes,"41,51,40,21",41885,41885,small,PASS,Within shared production budget; full decode succeeds,Retain,Retained,None
r2-upload/ui/inventory/icon_favorite.png,assets.inventoryUi.icons.favorite,256×256,PNG,yes,"5,8,6,12",67271,67271,small,PASS,Within shared production budget; full decode succeeds,Retain,Retained,None
r2-upload/ui/inventory/icon_filter.png,assets.inventoryUi.icons.filter,256×256,PNG,yes,"18,6,22,14",55424,55424,small,PASS,Within shared production budget; full decode succeeds,Retain,Retained,None
r2-upload/ui/inventory/icon_overflow.png,assets.inventoryUi.icons.overflow,256×256,PNG,yes,"3,32,27,21",59971,59971,small,PASS,Within shared production budget; full decode succeeds,Retain,Retained,None
r2-upload/ui/inventory/icon_sort.png,assets.inventoryUi.icons.sort,256×256,PNG,yes,"33,27,22,18",48672,48672,small,PASS,Within shared production budget; full decode succeeds,Retain,Retained,None
r2-upload/ui/item-icons/chests/equipment_chest.png,assets.itemIcons.chests.equipment,256×256,PNG,yes,"14,33,14,33",95452,95452,small,PASS,Within shared production budget; full decode succeeds,Retain,Retained,None
r2-upload/ui/item-icons/currency/arena_coin.png,assets.itemIcons.currency.arenaCoin,256×256,PNG,yes,"14,12,15,12",110155,110155,small,PASS,Within shared production budget; full decode succeeds,Retain,Retained,None
r2-upload/ui/item-icons/currency/arena_ticket.png,assets.itemIcons.currency.arenaTicket,256×256,PNG,yes,"12,40,12,40",64065,64065,small,PASS,Within shared production budget; full decode succeeds,Retain,Retained,None
r2-upload/ui/item-icons/currency/diamond.png,assets.itemIcons.currency.diamond,256×256,PNG,yes,"14,17,14,17",89127,89127,small,PASS,Within shared production budget; full decode succeeds,Retain,Retained,None
r2-upload/ui/item-icons/currency/gold.png,assets.itemIcons.currency.gold,256×256,PNG,yes,"14,14,15,14",116270,116270,small,PASS,Within shared production budget; full decode succeeds,Retain,Retained,None
r2-upload/ui/item-icons/materials/boss_hide.png,assets.itemIcons.materials.bossHide,256×256,PNG,yes,"16,27,16,27",87675,87675,small,PASS,Within shared production budget; full decode succeeds,Retain,Retained,None
r2-upload/ui/item-icons/materials/boss_horn.png,assets.itemIcons.materials.bossHorn,256×256,PNG,yes,"19,16,20,16",58991,58991,small,PASS,Within shared production budget; full decode succeeds,Retain,Retained,None
r2-upload/ui/item-icons/materials/earth_stone.png,assets.itemIcons.materials.earthStone,256×256,PNG,yes,"17,15,14,7",102585,102585,small,PASS,Within shared production budget; full decode succeeds,Retain prior same-path optimized production PNG,Retained; prior G10.5 R2 SHA-256 verified,None
r2-upload/ui/item-icons/materials/fire_stone.png,assets.itemIcons.materials.fireStone,256×256,PNG,yes,"27,3,25,4",86834,86834,small,PASS,Within shared production budget; full decode succeeds,Retain prior same-path optimized production PNG,Retained; prior G10.5 R2 SHA-256 verified,None
r2-upload/ui/item-icons/materials/grass.png,assets.itemIcons.materials.grass,256×256,PNG,yes,"14,23,14,24",90892,90892,small,PASS,Within shared production budget; full decode succeeds,Retain,Retained,None
r2-upload/ui/item-icons/materials/iron.png,assets.itemIcons.materials.iron,256×256,PNG,yes,"14,45,14,46",64713,64713,small,PASS,Within shared production budget; full decode succeeds,Retain,Retained,None
r2-upload/ui/item-icons/materials/mana_ore.png,assets.itemIcons.materials.manaOre,256×256,PNG,yes,"26,14,27,14",84219,84219,small,PASS,Within shared production budget; full decode succeeds,Retain,Retained,None
r2-upload/ui/item-icons/materials/protection_stone.png,assets.itemIcons.materials.protectionStone,256×256,PNG,yes,"17,16,18,16",110358,110358,small,PASS,Within shared production budget; full decode succeeds,Retain,Retained,None
r2-upload/ui/item-icons/materials/stone.png,assets.itemIcons.materials.stone,256×256,PNG,yes,"14,38,14,38",85618,85618,small,PASS,Within shared production budget; full decode succeeds,Retain,Retained,None
r2-upload/ui/item-icons/materials/water_stone.png,assets.itemIcons.materials.waterStone,256×256,PNG,yes,"17,24,2,22",92639,92639,small,PASS,Within shared production budget; full decode succeeds,Retain prior same-path optimized production PNG,Retained; prior G10.5 R2 SHA-256 verified,None
r2-upload/ui/item-icons/materials/wood.png,assets.itemIcons.materials.wood,256×256,PNG,yes,"14,43,14,44",76742,76742,small,PASS,Within shared production budget; full decode succeeds,Retain,Retained,None
r2-upload/ui/item-icons/potions/hp_full.png,assets.itemIcons.potions.hp_full,256×256,PNG,yes,"21,14,22,14",84415,84415,small,PASS,Within shared production budget; full decode succeeds,Retain,Retained,None
r2-upload/ui/item-icons/potions/hp_high.png,assets.itemIcons.potions.hp_high,256×256,PNG,yes,"40,14,40,14",67744,67744,small,PASS,Within shared production budget; full decode succeeds,Retain,Retained,None
r2-upload/ui/item-icons/potions/hp_medium.png,assets.itemIcons.potions.hp_medium,256×256,PNG,yes,"46,14,46,14",58365,58365,small,PASS,Within shared production budget; full decode succeeds,Retain,Retained,None
r2-upload/ui/item-icons/potions/hp_small.png,assets.itemIcons.potions.hp_small,256×256,PNG,yes,"66,14,67,14",51401,51401,small,PASS,Within shared production budget; full decode succeeds,Retain,Retained,None
r2-upload/ui/item-icons/potions/mp_full.png,assets.itemIcons.potions.mp_full,256×256,PNG,yes,"18,14,18,14",92436,92436,small,PASS,Within shared production budget; full decode succeeds,Retain,Retained,None
r2-upload/ui/item-icons/potions/mp_high.png,assets.itemIcons.potions.mp_high,256×256,PNG,yes,"43,14,43,14",68267,68267,small,PASS,Within shared production budget; full decode succeeds,Retain,Retained,None
r2-upload/ui/item-icons/potions/mp_medium.png,assets.itemIcons.potions.mp_medium,256×256,PNG,yes,"47,14,48,14",60002,60002,small,PASS,Within shared production budget; full decode succeeds,Retain,Retained,None
r2-upload/ui/item-icons/potions/mp_small.png,assets.itemIcons.potions.mp_small,256×256,PNG,yes,"66,14,66,14",51652,51652,small,PASS,Within shared production budget; full decode succeeds,Retain,Retained,None
r2-upload/ui/item-icons/recipes/recipe_azure.png,assets.itemIcons.recipes.azure,256×256,PNG,yes,"16,16,17,16",100045,100045,small,PASS,Within shared production budget; full decode succeeds,Retain,Retained,None
r2-upload/ui/item-icons/recipes/recipe_robot.png,assets.itemIcons.recipes.robot,256×256,PNG,yes,"16,21,16,21",91598,91598,small,PASS,Within shared production budget; full decode succeeds,Retain,Retained,None
r2-upload/ui/item-icons/recipes/recipe_skeleton.png,assets.itemIcons.recipes.skeleton,256×256,PNG,yes,"29,16,29,16",95479,95479,small,PASS,Within shared production budget; full decode succeeds,Retain,Retained,None
r2-upload/ui/pets/role_attack.png,assets.petUi.roles.attack,256×256,PNG,yes,"23,16,19,25",83086,83086,small,PASS,Within shared production budget; full decode succeeds,Retain,Retained,None
r2-upload/ui/pets/role_control.png,assets.petUi.roles.control,256×256,PNG,yes,"20,18,16,19",86892,86892,small,PASS,Within shared production budget; full decode succeeds,Retain,Retained,None
r2-upload/ui/pets/role_support.png,assets.petUi.roles.support,256×256,PNG,yes,"24,19,20,29",73868,73868,small,PASS,Within shared production budget; full decode succeeds,Retain,Retained,None
r2-upload/ui/pets/role_tank.png,assets.petUi.roles.tank,256×256,PNG,yes,"23,16,16,22",81744,81744,small,PASS,Within shared production budget; full decode succeeds,Retain,Retained,None
r2-upload/ui/pets/star_icon.png,assets.petUi.starIcon,192×192,PNG,yes,"24,19,22,27",37465,37465,small,PASS,Within shared production budget; full decode succeeds,Retain,Retained,None
r2-upload/ui/profile-frames/arena_rank_1.png,assets.profileFrames.arenaRank1,512×512,PNG,no,unknown,278770,89674,exceptional,PASS,Within shared production budget; full decode succeeds,Publish visually equivalent indexed PNG on the existing 512 px canvas,Published 0116225; R2 SHA-256 verified,None
r2-upload/ui/profile-frames/arena_rank_2.png,assets.profileFrames.arenaRank2,512×512,PNG,no,unknown,271796,86197,exceptional,PASS,Within shared production budget; full decode succeeds,Publish visually equivalent indexed PNG on the existing 512 px canvas,Published 0116225; R2 SHA-256 verified,None
r2-upload/ui/profile-frames/arena_rank_3.png,assets.profileFrames.arenaRank3,512×512,PNG,no,unknown,252645,82111,exceptional,PASS,Within shared production budget; full decode succeeds,Publish visually equivalent indexed PNG on the existing 512 px canvas,Published 0116225; R2 SHA-256 verified,None
